Code,Gemeentena,GM_Code,Shape__Are,Shape__Len,Res_regio,Rescode
1719,Drimmelen,GM1719,119427597.36900000274,59573.14984320000,Regio West Brabant,RES027
0614,Westvoorne,GM0614,97483547.86439999938,45564.81960940000,Regio Rotterdam-Den Haag,RES023
0279,Scherpenzeel,GM0279,13814847.33799999952,18951.98644930000,Regio FoodValley,RES008
1729,Gulpen-Wittem,GM1729,73360503.26759999990,50809.38629030000,Regio Zuid-Limburg,RES030
0160,Hardenberg,GM0160,317150453.34799998999,122606.02830200001,Regio West-Overijssel,RES028
0327,Leusden,GM0327,58893057.22909999639,42851.36327660000,Regio Amersfoort,RES004
1931,Krimpenerwaard,GM1931,161308725.47400000691,71076.87468450000,Regio Midden-Holland,RES015
1701,Westerveld,GM1701,282739159.59799998999,98164.96304590000,Regio Drenthe,RES006
1700,Twenterand,GM1700,108135019.41500000656,72651.41158000000,Regio Twente,RES025
0373,Bergen (NH.),GM0373,120230580.49300000072,55247.91125470000,Regio Noord-Holland Noord,RES018
1525,Teylingen,GM1525,33486977.13320000097,31038.89932520000,Regio Holland Rijnland,RES013
0518,'s-Gravenhage,GM0518,98133569.22800000012,77346.36986890000,Regio Rotterdam-Den Haag,RES023
0180,Staphorst,GM0180,135693600.51899999380,59261.29212520000,Regio West-Overijssel,RES028
0439,Purmerend,GM0439,24559851.26550000161,23693.90436110000,Regio Noord-Holland Zuid,RES016
0277,Rozendaal,GM0277,27919889.37510000169,25185.14140770000,Regio Arnhem-Nijmegen,RES003
1950,Westerwolde,GM1950,280645562.35199999809,103041.81178900000,Regio Groningen,RES012
0523,Hardinxveld-Giessendam,GM0523,19354825.68789999932,25256.37889190000,Regio Drechtsteden,RES005
0358,Aalsmeer,GM0358,32286067.37500000000,32899.13404630000,Regio Noord-Holland Zuid,RES016
1978,Molenlanden,GM1978,191584091.82100000978,88570.37561649999,Regio Alblasserwaard,RES002
0575,Noordwijk,GM0575,74937377.46580000222,40334.54476510000,Regio Holland Rijnland,RES013
0448,Texel,GM0448,463156581.58099997044,106784.56983800000,Regio Noord-Holland Noord,RES018
0289,Wageningen,GM0289,32359864.99469999969,34074.35918360000,Regio FoodValley,RES008
0093,Terschelling,GM0093,673986591.89900004864,104863.21718000001,Regio Friesland,RES009
0383,Castricum,GM0383,60403488.24840000272,45683.79247030000,Regio Noord-Holland Noord,RES018
0088,Schiermonnikoog,GM0088,199065478.68900001049,64611.87306430000,Regio Friesland,RES009
0797,Heusden,GM0797,81219438.96119999886,45677.50218290000,Regio Hart van Brabant,RES011
0866,Waalre,GM0866,22663852.60970000178,21224.78747110000,Metropoolregio Eindhoven,RES017
0361,Alkmaar,GM0361,117346486.04099999368,68715.51687860000,Regio Noord-Holland Noord,RES018
0858,Valkenswaard,GM0858,56501690.47200000286,45192.26012840000,Metropoolregio Eindhoven,RES017
0946,Nederweert,GM0946,101782071.60899999738,49918.67117620000,Regio Noord- en Midden Limburg,RES019
0965,Simpelveld,GM0965,16029947.14829999954,19831.42324530000,Regio Zuid-Limburg,RES030
0431,Oostzaan,GM0431,16075517.10249999911,18805.43552620000,Regio Noord-Holland Zuid,RES016
0014,Groningen,GM0014,197960472.66699999571,98454.01175320000,Regio Groningen,RES012
1970,Noardeast-Fryslân,GM1970,516450590.41500002146,149742.00403000001,Regio Friesland,RES009
1684,Cuijk,GM1684,57068549.11659999937,35402.07167980000,Regio Noord-oost Brabant,RES020
0189,Wierden,GM0189,95388421.31820000708,54645.99978880000,Regio Twente,RES025
1690,De Wolden,GM1690,226345329.35699999332,110797.31625700000,Regio Drenthe,RES006
1942,Gooise Meren,GM1942,75215063.09270000458,61441.14942180000,Regio Noord-Holland Zuid,RES016
0302,Nunspeet,GM0302,129533095.09700000286,55953.07822840000,Regio Noord Veluwe,RES021
1783,Westland,GM1783,90736415.13330000639,55383.52838680000,Regio Rotterdam-Den Haag,RES023
0753,Best,GM0753,35100687.07339999825,28373.65504760000,Metropoolregio Eindhoven,RES017
1966,Het Hogeland,GM1966,907685079.83800005913,172177.60038200000,Regio Groningen,RES012
0244,Hattem,GM0244,24155743.59200000018,25217.82305810000,Regio Noord Veluwe,RES021
0168,Losser,GM0168,99621433.44359999895,55326.14755530000,Regio Twente,RES025
0632,Woerden,GM0632,92923080.05830000341,51535.71688980000,Regio U16/U10,RES026
1681,Borger-Odoorn,GM1681,277891503.62099999189,67658.30820699999,Regio Drenthe,RES006
0513,Gouda,GM0513,18113363.36730000004,23321.74784980000,Regio Midden-Holland,RES015
1723,Alphen-Chaam,GM1723,93521119.59819999337,67610.96201580000,Regio West Brabant,RES027
0473,Zandvoort,GM0473,43970714.78190000355,27790.44402190000,Regio Noord-Holland Zuid,RES016
1598,Koggenland,GM1598,84083919.08779999614,48293.71192580000,Regio Noord-Holland Noord,RES018
0275,Rheden,GM0275,84348204.57879999280,49246.90061890000,Regio Arnhem-Nijmegen,RES003
0498,Drechterland,GM0498,80587926.52089999616,40967.26218840000,Regio Noord-Holland Noord,RES018
0010,Delfzijl,GM0010,227500332.10400000215,94987.62559600000,Regio Groningen,RES012
0717,Veere,GM0717,206552570.44499999285,85324.05934219999,Regio Zeeland,RES029
0420,Medemblik,GM0420,257561715.57199999690,90169.67778960000,Regio Noord-Holland Noord,RES018
0718,Vlissingen,GM0718,344835167.78700000048,113356.44562200000,Regio Zeeland,RES029
0296,Wijchen,GM0296,69563657.79039999843,44496.48324700000,Regio Arnhem-Nijmegen,RES003
1901,Bodegraven-Reeuwijk,GM1901,88639500.15870000422,50841.34720930000,Regio Midden-Holland,RES015
1674,Roosendaal,GM1674,107164545.96799999475,53382.70310910000,Regio West Brabant,RES027
1696,Wijdemeren,GM1696,76360330.20370000601,49736.16180110000,Regio Noord-Holland Zuid,RES016
"0820,""Nuenen, Gerwen en Nederwetten"",GM0820,33943542.67989999801,35140.84077270000,Metropoolregio Eindhoven,RES017"
0158,Haaksbergen,GM0158,105499578.15299999714,49645.49592080000,Regio Twente,RES025
0307,Amersfoort,GM0307,63860765.02300000191,53641.00548120000,Regio Amersfoort,RES004
0225,Druten,GM0225,42457472.56189999729,37739.93437120000,Regio Arnhem-Nijmegen,RES003
1842,Midden-Delfland,GM1842,49378740.84650000185,49799.98199000000,Regio Rotterdam-Den Haag,RES023
0222,Doetinchem,GM0222,79655570.03129999340,61500.31146970000,Regio Achterhoek,RES001
0599,Rotterdam,GM0599,324162971.90299999714,160573.68194899999,Regio Rotterdam-Den Haag,RES023
0840,Rucphen,GM0840,64475178.96649999917,47890.12634260000,Regio West Brabant,RES027
0756,Boxmeer,GM0756,113843005.12199999392,65685.76423150000,Regio Noord-oost Brabant,RES020
1742,Rijssen-Holten,GM1742,94377337.70730000734,45182.13806360000,Regio Twente,RES025
0362,Amstelveen,GM0362,44081481.92109999806,31993.29452540000,Regio Noord-Holland Zuid,RES016
0824,Oisterwijk,GM0824,65126830.87259999663,38356.50811060000,Regio Hart van Brabant,RES011
0503,Delft,GM0503,24062232.13589999825,28619.17761880000,Regio Rotterdam-Den Haag,RES023
0664,Goes,GM0664,101915194.19599999487,52551.75803470000,Regio Zeeland,RES029
0118,Hoogeveen,GM0118,129249620.44799999893,64905.17257510000,Regio Drenthe,RES006
1952,Midden-Groningen,GM1952,295765116.61699998379,100587.24399100000,Regio Groningen,RES012
1859,Berkelland,GM1859,260213461.48300001025,99753.34957540000,Regio Achterhoek,RES001
1581,Utrechtse Heuvelrug,GM1581,133940604.18000000715,71087.67841060000,Regio U16/U10,RES026
0313,Bunschoten,GM0313,34813415.65540000051,26596.06946060000,Regio Amersfoort,RES004
0252,Heumen,GM0252,41536314.67689999938,31833.69862490000,Regio Arnhem-Nijmegen,RES003
0880,Wormerland,GM0880,45175279.43919999897,30721.22535110000,Regio Noord-Holland Zuid,RES016
0437,Ouder-Amstel,GM0437,25782332.45059999824,32613.18331620000,Regio Noord-Holland Zuid,RES016
0889,Beesel,GM0889,29154112.12990000099,24921.63981530000,Regio Noord- en Midden Limburg,RES019
0163,Hellendoorn,GM0163,138993335.14199998975,67468.54870980000,Regio Twente,RES025
1904,Stichtse Vecht,GM1904,106819254.18600000441,83879.49152310000,Regio U16/U10,RES026
0770,Eersel,GM0770,83325783.03730000556,62743.92442930000,Metropoolregio Eindhoven,RES017
0171,Noordoostpolder,GM0171,593475311.63600003719,124727.74179900000,Regio Flevoland,RES007
1702,Sint Anthonis,GM1702,99756916.20440000296,46307.84053280000,Regio Noord-oost Brabant,RES020
1894,Peel en Maas,GM1894,161352545.85299998522,58421.49459640000,Regio Noord- en Midden Limburg,RES019
0175,Ommen,GM0175,182012653.84099999070,77557.75417780000,Regio West-Overijssel,RES028
0197,Aalten,GM0197,97053772.20990000665,52184.50420360000,Regio Achterhoek,RES001
0512,Gorinchem,GM0512,21932312.85850000009,24083.72844950000,Regio Alblasserwaard,RES002
1948,Meierijstad,GM1948,185518836.07600000501,78928.82524310000,Regio Noord-oost Brabant,RES020
0269,Oldebroek,GM0269,98835317.49269999564,51212.65962210000,Regio Noord Veluwe,RES021
0397,Heemstede,GM0397,9644212.60064000078,13827.21491320000,Regio Noord-Holland Zuid,RES016
1930,Nissewaard,GM1930,83792948.97669999301,50663.38149560000,Regio Rotterdam-Den Haag,RES023
1699,Noordenveld,GM1699,205290538.97600001097,74598.59319460001,Regio Drenthe,RES006
1706,Cranendonck,GM1706,78050093.77249999344,44972.15814080000,Metropoolregio Eindhoven,RES017
0893,Bergen (L.),GM0893,108495099.15600000322,61497.56357810000,Regio Noord- en Midden Limburg,RES019
0762,Deurne,GM0762,118355776.27400000393,55524.72735400000,Metropoolregio Eindhoven,RES017
0779,Geertruidenberg,GM0779,29639808.61070000008,24000.89612480000,Regio West Brabant,RES027
0629,Wassenaar,GM0629,62404982.07729999721,35020.22932920000,Regio Rotterdam-Den Haag,RES023
0003,Appingedam,GM0003,24579962.78249999881,26201.13033420000,Regio Groningen,RES012
1507,Horst aan de Maas,GM1507,191916832.12099999189,72073.52360390000,Regio Noord- en Midden Limburg,RES019
0308,Baarn,GM0308,33006228.35619999841,31496.53531850000,Regio Amersfoort,RES004
0542,Krimpen aan den IJssel,GM0542,8949064.26334000006,16460.04174920000,Regio Rotterdam-Den Haag,RES023
0202,Arnhem,GM0202,101543360.43099999428,60138.31973280000,Regio Arnhem-Nijmegen,RES003
0845,Sint-Michielsgestel,GM0845,59336205.78710000217,52858.66149500000,Regio Noord-oost Brabant,RES020
1730,Tynaarlo,GM1730,147698650.42199999094,92414.18446480000,Regio Drenthe,RES006
0917,Heerlen,GM0917,45529897.17109999806,43558.31695250000,Regio Zuid-Limburg,RES030
0638,Zoeterwoude,GM0638,21958026.20129999891,22557.74484490000,Regio Holland Rijnland,RES013
1509,Oude IJsselstreek,GM1509,137952278.12799999118,78692.85287420001,Regio Achterhoek,RES001
1621,Lansingerland,GM1621,56373544.02989999950,40097.75821140000,Regio Rotterdam-Den Haag,RES023
0335,Montfoort,GM0335,38202586.20019999892,36594.03184050000,Regio U16/U10,RES026
0537,Katwijk,GM0537,31146532.00959999859,29367.62794550000,Regio Holland Rijnland,RES013
0060,Ameland,GM0060,268498685.25000000000,89865.58076650000,Regio Friesland,RES009
0090,Smallingerland,GM0090,126174966.11800000072,62209.16259070000,Regio Friesland,RES009
0758,Breda,GM0758,128680442.00499999523,65625.78592220000,Regio West Brabant,RES027
0268,Nijmegen,GM0268,57586375.17779999971,43239.68704160000,Regio Arnhem-Nijmegen,RES003
0293,Westervoort,GM0293,7838999.45112000033,14578.12644630000,Regio Arnhem-Nijmegen,RES003
0678,Kapelle,GM0678,49625274.68829999864,38560.43333400000,Regio Zeeland,RES029
1734,Overbetuwe,GM1734,115084134.92399999499,60739.20137130000,Regio Arnhem-Nijmegen,RES003
0263,Maasdriel,GM0263,75462009.09559999406,52524.16710290000,Regio Rivierenland (Fruitdelta),RES022
0344,Utrecht,GM0344,99207318.28790000081,59762.03639650000,Regio U16/U10,RES026
1876,Bronckhorst,GM1876,286424042.50900000334,107680.19285000001,Regio Achterhoek,RES001
0457,Weesp,GM0457,24160715.74159999937,26921.31640200000,Regio Noord-Holland Zuid,RES016
1896,Zwartewaterland,GM1896,87856892.78689999878,53627.66272300000,Regio West-Overijssel,RES028
1891,Dantumadiel,GM1891,87527004.06890000403,46852.22611530000,Regio Friesland,RES009
0530,Hellevoetsluis,GM0530,61202947.24889999628,40896.39181500000,Regio Rotterdam-Den Haag,RES023
0221,Doesburg,GM0221,12958308.42559999973,20380.66957980000,Regio Arnhem-Nijmegen,RES003
0627,Waddinxveen,GM0627,29396575.91200000048,30065.16276450000,Regio Midden-Holland,RES015
0106,Assen,GM0106,83452197.79320000112,55122.96292100000,Regio Drenthe,RES006
0213,Brummen,GM0213,85012195.46449999511,54616.83612570000,Regio Stedendriehoek/cleantechregio,RES024
0233,Ermelo,GM0233,87326275.64470000565,47933.66403610000,Regio Noord Veluwe,RES021
0484,Alphen aan den Rijn,GM0484,132495868.45000000298,58099.77067770000,Regio Holland Rijnland,RES013
1728,Bladel,GM1728,75623311.56710000336,44045.53324190000,Metropoolregio Eindhoven,RES017
0668,West Maas en Waal,GM0668,85209116.79000000656,47760.90156960000,Regio Rivierenland (Fruitdelta),RES022
0589,Oudewater,GM0589,40101337.28010000288,35939.28652870000,Regio U16/U10,RES026
1586,Oost Gelre,GM1586,110435407.41400000453,57368.89711960000,Regio Achterhoek,RES001
0796,'s-Hertogenbosch,GM0796,117782399.75399999321,70044.85931360000,Regio Noord-oost Brabant,RES020
0944,Mook en Middelaar,GM0944,18810090.21970000118,19767.34820040000,Regio Noord- en Midden Limburg,RES019
0888,Beek,GM0888,21033748.66140000150,24546.08002410000,Regio Zuid-Limburg,RES030
0416,Langedijk,GM0416,27029326.64099999890,30434.86861010000,Regio Noord-Holland Noord,RES018
0637,Zoetermeer,GM0637,37051002.69770000130,28100.71189050000,Regio Rotterdam-Den Haag,RES023
0363,Amsterdam,GM0363,219491742.21299999952,96776.61111640000,Regio Noord-Holland Zuid,RES016
0938,Meerssen,GM0938,27695655.83850000054,35005.49837170000,Regio Zuid-Limburg,RES030
0339,Renswoude,GM0339,18510997.91649999842,24069.62034990000,Regio FoodValley,RES008
0879,Zundert,GM0879,121207154.71199999750,56698.52328200000,Regio West Brabant,RES027
0164,Hengelo,GM0164,61830563.24440000206,47510.25591800000,Regio Twente,RES025
0274,Renkum,GM0274,47233271.02880000323,35239.52573990000,Regio Arnhem-Nijmegen,RES003
0392,Haarlem,GM0392,32091235.35429999977,30505.56587420000,Regio Noord-Holland Zuid,RES016
0687,Middelburg,GM0687,53039597.62560000271,41015.56223110000,Regio Zeeland,RES029
1721,Bernheze,GM1721,90405787.89270000160,47287.34605870000,Regio Noord-oost Brabant,RES020
0352,Wijk bij Duurstede,GM0352,50403976.24660000205,37051.20850830000,Regio U16/U10,RES026
0501,Brielle,GM0501,31143268.23420000076,27945.82055420000,Regio Rotterdam-Den Haag,RES023
0059,Achtkarspelen,GM0059,103980831.51999999583,56246.81587430000,Regio Friesland,RES009
0203,Barneveld,GM0203,176659564.02099999785,85547.37030610000,Regio FoodValley,RES008
0622,Vlaardingen,GM0622,26691378.03590000048,21773.26217190000,Regio Rotterdam-Den Haag,RES023
0907,Gennep,GM0907,50423074.75180000067,36667.26096890000,Regio Noord- en Midden Limburg,RES019
0166,Kampen,GM0166,161788918.69900000095,66792.54890990000,Regio West-Overijssel,RES028
1949,Waadhoeke,GM1949,316014802.54100000858,106719.93225899999,Regio Friesland,RES009
0935,Maastricht,GM0935,60117959.10700000077,42826.46295010000,Regio Zuid-Limburg,RES030
0396,Heemskerk,GM0396,31679529.07050000131,31308.56934800000,Regio Noord-Holland Zuid,RES016
0823,Oirschot,GM0823,102844864.77699999511,60530.44471930000,Metropoolregio Eindhoven,RES017
0867,Waalwijk,GM0867,67646236.56100000441,42118.00927750000,Regio Hart van Brabant,RES011
1685,Landerd,GM1685,70706532.42290000618,49523.60952310000,Regio Noord-oost Brabant,RES020
0114,Emmen,GM0114,346259107.94700002670,81438.89519559999,Regio Drenthe,RES006
0230,Elburg,GM0230,65908363.22269999981,41718.46686360000,Regio Noord Veluwe,RES021
0777,Etten-Leur,GM0777,55921294.15579999983,38573.99625170000,Regio West Brabant,RES027
1695,Noord-Beveland,GM1695,121583553.25000000000,62876.94558200000,Regio Zeeland,RES029
1740,Neder-Betuwe,GM1740,67461073.84649999440,66137.44883120000,Regio Rivierenland (Fruitdelta),RES022
0553,Lisse,GM0553,16054142.63619999960,19182.12758070000,Regio Holland Rijnland,RES013
0342,Soest,GM0342,46432000.65429999679,30455.01413290000,Regio Amersfoort,RES004
0024,Loppersum,GM0024,111989193.68700000644,64612.05324140000,Regio Groningen,RES012
0321,Houten,GM0321,58985522.20570000261,38547.24203290000,Regio U16/U10,RES026
0214,Buren,GM0214,142921842.02799999714,71232.17107830000,Regio Rivierenland (Fruitdelta),RES022
0453,Velsen,GM0453,63171173.35670000315,40458.02572740000,Regio Noord-Holland Zuid,RES016
0826,Oosterhout,GM0826,73086769.60969999433,43160.60691370000,Regio West Brabant,RES027
0072,Harlingen,GM0072,387667545.02300000191,97473.26620770000,Regio Friesland,RES009
0489,Barendrecht,GM0489,21730585.05629999936,19983.87173440000,Regio Rotterdam-Den Haag,RES023
0737,Tytsjerksteradiel,GM0737,161405570.96599999070,80524.26259100001,Regio Friesland,RES009
0744,Baarle-Nassau,GM0744,76285122.64800000191,99202.31979930001,Regio West Brabant,RES027
0957,Roermond,GM0957,71050925.12430000305,47473.68780640000,Regio Noord- en Midden Limburg,RES019
0606,Schiedam,GM0606,19857484.70749999955,23196.56658550000,Regio Rotterdam-Den Haag,RES023
0177,Raalte,GM0177,172290458.29899999499,76260.35828879999,Regio West-Overijssel,RES028
0798,Hilvarenbeek,GM0798,96507470.23499999940,53022.48389320000,Regio Hart van Brabant,RES011
1903,Eijsden-Margraten,GM1903,78768131.33499999344,57948.48701790000,Regio Zuid-Limburg,RES030
1659,Laarbeek,GM1659,56166123.69990000129,37845.89460700000,Metropoolregio Eindhoven,RES017
0209,Beuningen,GM0209,47089889.76600000262,31234.37304640000,Regio Arnhem-Nijmegen,RES003
0703,Reimerswaal,GM0703,242417229.70800000429,88579.74326710000,Regio Zeeland,RES029
0603,Rijswijk,GM0603,14488091.17769999988,17278.66591830000,Regio Rotterdam-Den Haag,RES023
0873,Woensdrecht,GM0873,91970096.73280000687,48460.37323210000,Regio West Brabant,RES027
0626,Voorschoten,GM0626,11559446.18799999915,16359.62425030000,Regio Holland Rijnland,RES013
0183,Tubbergen,GM0183,147441415.05199998617,64928.09335170000,Regio Twente,RES025
1955,Montferland,GM1955,106637313.09999999404,60393.13305850000,Regio Achterhoek,RES001
0479,Zaanstad,GM0479,83235283.55539999902,42049.47827070000,Regio Noord-Holland Zuid,RES016
0451,Uithoorn,GM0451,19419052.62170000002,24200.74751970000,Regio Noord-Holland Zuid,RES016
0345,Veenendaal,GM0345,19724167.39990000054,20030.47501050000,Regio FoodValley,RES008
1724,Bergeijk,GM1724,101753718.41699999571,58344.09451620000,Metropoolregio Eindhoven,RES017
1676,Schouwen-Duiveland,GM1676,488207499.71600002050,117497.35164800000,Regio Zeeland,RES029
0034,Almere,GM0034,248766090.64300000668,98102.17624230000,Regio Flevoland,RES007
1655,Halderberge,GM1655,75214852.28939999640,44016.50595520000,Regio West Brabant,RES027
0098,Weststellingwerf,GM0098,228446186.84900000691,85145.90498110000,Regio Friesland,RES009
1895,Oldambt,GM1895,295959728.85000002384,97646.97629370001,Regio Groningen,RES012
0086,Opsterland,GM0086,227641536.69499999285,85238.02168140000,Regio Friesland,RES009
0193,Zwolle,GM0193,119364079.25000000000,64780.38695140000,Regio West-Overijssel,RES028
0981,Vaals,GM0981,23898053.51669999957,27675.15758880000,Regio Zuid-Limburg,RES030
0273,Putten,GM0273,87502677.59639999270,41242.69112120000,Regio Noord Veluwe,RES021
1709,Moerdijk,GM1709,184025321.90400001407,67441.63570899999,Regio West Brabant,RES027
0415,Landsmeer,GM0415,26504137.78999999911,22534.22326700000,Regio Noord-Holland Zuid,RES016
0085,Ooststellingwerf,GM0085,226112548.14599999785,71812.51021280000,Regio Friesland,RES009
0482,Alblasserdam,GM0482,10060080.58620000072,17106.38168360000,Regio Drechtsteden,RES005
0148,Dalfsen,GM0148,166518037.17500001192,71075.47526419999,Regio West-Overijssel,RES028
0547,Leiderdorp,GM0547,12275656.36150000058,16410.82264420000,Regio Holland Rijnland,RES013
0441,Schagen,GM0441,187280777.99500000477,67520.00006050000,Regio Noord-Holland Noord,RES018
0983,Venlo,GM0983,128991278.91899999976,79753.17336790000,Regio Noord- en Midden Limburg,RES019
0597,Ridderkerk,GM0597,25262859.65909999982,22829.62172910000,Regio Rotterdam-Den Haag,RES023
1945,Berg en Dal,GM1945,93322671.76710000634,65129.22930840000,Regio Arnhem-Nijmegen,RES003
0865,Vught,GM0865,34728010.91610000283,31210.26108080000,Regio Noord-oost Brabant,RES020
1667,Reusel-De Mierden,GM1667,78663279.73440000415,41661.79395230000,Metropoolregio Eindhoven,RES017
0037,Stadskanaal,GM0037,119944106.04000000656,64057.94825140000,Regio Groningen,RES012
0228,Ede,GM0228,318620423.65600001812,87629.36976650001,Regio FoodValley,RES008
0246,Heerde,GM0246,80420536.50339999795,38796.41155280000,Regio Stedendriehoek/cleantechregio,RES024
0301,Zutphen,GM0301,42934420.89760000259,43953.91079360000,Regio Stedendriehoek/cleantechregio,RES024
0243,Harderwijk,GM0243,48270176.74899999797,32043.50786780000,Regio Noord Veluwe,RES021
0351,Woudenberg,GM0351,36822053.23589999974,49965.67779740000,Regio Amersfoort,RES004
1640,Leudal,GM1640,164905116.98600000143,73859.86669559999,Regio Noord- en Midden Limburg,RES019
0784,Gilze en Rijen,GM0784,65664671.57500000298,44196.77032660000,Regio Hart van Brabant,RES011
0766,Dongen,GM0766,29739736.90650000051,28686.73129290000,Regio Hart van Brabant,RES011
0384,Diemen,GM0384,14037208.09420000017,22190.01031490000,Regio Noord-Holland Zuid,RES016
0788,Haaren,GM0788,58560349.50840000063,43473.34787430000,Regio Noord-oost Brabant,RES020
0882,Landgraaf,GM0882,24665401.48009999841,26438.36928220000,Regio Zuid-Limburg,RES030
0654,Borsele,GM0654,194515629.68900001049,61686.55328440000,Regio Zeeland,RES029
1911,Hollands Kroon,GM1911,662196739.67900002003,124169.22342900001,Regio Noord-Holland Noord,RES018
0173,Oldenzaal,GM0173,21952700.75840000063,23249.33585490000,Regio Twente,RES025
0579,Oegstgeest,GM0579,7967206.33882999979,19161.60085990000,Regio Holland Rijnland,RES013
0815,Mill en Sint Hubert,GM0815,53174083.10100000352,35463.75876270000,Regio Noord-oost Brabant,RES020
0716,Tholen,GM0716,254004781.24000000954,83818.62679600000,Regio Zeeland,RES029
0417,Laren,GM0417,12411359.75809999928,16553.14777660000,Regio Noord-Holland Zuid,RES016
1924,Goeree-Overflakkee,GM1924,422347879.80099999905,112991.16687500000,Regio Goerree-Overflakkee,RES010
0226,Duiven,GM0226,35187885.29940000176,30269.80300450000,Regio Arnhem-Nijmegen,RES003
0986,Voerendaal,GM0986,31521108.46739999950,27238.62696250000,Regio Zuid-Limburg,RES030
1669,Roerdalen,GM1669,88785634.94339999557,69750.90752820000,Regio Noord- en Midden Limburg,RES019
0677,Hulst,GM0677,251820451.60100001097,76003.23416110000,Regio Zeeland,RES029
0370,Beemster,GM0370,72067164.48800000548,38553.58593380000,Regio Noord-Holland Zuid,RES016
0546,Leiden,GM0546,23270262.12260000035,25762.21558270000,Regio Holland Rijnland,RES013
0331,Lopik,GM0331,78978950.04770000279,42334.45322520000,Regio U16/U10,RES026
0153,Enschede,GM0153,142724067.04899999499,53094.11613890000,Regio Twente,RES025
1731,Midden-Drenthe,GM1731,345873830.78500002623,111886.42451500001,Regio Drenthe,RES006
0399,Heiloo,GM0399,19013662.42940000072,20550.12235310000,Regio Noord-Holland Noord,RES018
0590,Papendrecht,GM0590,10789958.18109999970,14916.68397840000,Regio Drechtsteden,RES005
0406,Huizen,GM0406,23322803.31859999895,26902.40691450000,Regio Noord-Holland Zuid,RES016
0450,Uitgeest,GM0450,22290553.89640000090,24378.20939340000,Regio Noord-Holland Noord,RES018
0851,Steenbergen,GM0851,159141883.43500000238,55417.85673680000,Regio West Brabant,RES027
0385,Edam-Volendam,GM0385,79995998.44329999387,51015.86041560000,Regio Noord-Holland Zuid,RES016
1735,Hof van Twente,GM1735,215409428.55000001192,75126.76519510000,Regio Twente,RES025
0119,Meppel,GM0119,57027703.87370000035,53075.78311920000,Regio Drenthe,RES006
0096,Vlieland,GM0096,315801167.18500000238,79297.83122890000,Regio Friesland,RES009
1641,Maasgouw,GM1641,58117107.13790000230,48792.70674090000,Regio Noord- en Midden Limburg,RES019
0312,Bunnik,GM0312,37569138.70359999686,34607.82070100000,Regio U16/U10,RES026
0262,Lochem,GM0262,215942010.31600001454,88215.11883599999,Regio Stedendriehoek/cleantechregio,RES024
0743,Asten,GM0743,71339257.41789999604,40251.42530920000,Metropoolregio Eindhoven,RES017
1926,Pijnacker-Nootdorp,GM1926,38616281.99300000072,31846.60106420000,Regio Rotterdam-Den Haag,RES023
0856,Uden,GM0856,67531796.54970000684,42076.01717450000,Regio Noord-oost Brabant,RES020
0569,Nieuwkoop,GM0569,91162781.37729999423,55845.52621220000,Regio Holland Rijnland,RES013
0150,Deventer,GM0150,134334809.53499999642,63492.26346010000,Regio West-Overijssel,RES028
0971,Stein,GM0971,22799787.74500000104,30709.66692480000,Regio Zuid-Limburg,RES030
1900,Súdwest-Fryslân,GM1900,907100360.55999994278,165055.04171300001,Regio Friesland,RES009
0786,Grave,GM0786,28032978.06630000100,27821.83714500000,Regio Noord-oost Brabant,RES020
0899,Brunssum,GM0899,17338107.73369999975,19056.28493160000,Regio Zuid-Limburg,RES030
1884,Kaag en Braassem,GM1884,72239335.95900000632,43081.87711020000,Regio Holland Rijnland,RES013
0828,Oss,GM0828,170929379.22699999809,72612.98136880000,Regio Noord-oost Brabant,RES020
0340,Rhenen,GM0340,43756513.12080000341,34322.57913220000,Regio FoodValley,RES008
0232,Epe,GM0232,157372017.72999998927,63042.88913660000,Regio Stedendriehoek/cleantechregio,RES024
0074,Heerenveen,GM0074,198165256.89100000262,103700.61746199999,Regio Friesland,RES009
1883,Sittard-Geleen,GM1883,80584402.07250000536,50881.86687500000,Regio Zuid-Limburg,RES030
0984,Venray,GM0984,165001831.91899999976,66263.72623200000,Regio Noord- en Midden Limburg,RES019
0556,Maassluis,GM0556,10124598.73819999956,15381.68995590000,Regio Rotterdam-Den Haag,RES023
0297,Zaltbommel,GM0297,89042926.23180000484,58996.32122570000,Regio Rivierenland (Fruitdelta),RES022
0402,Hilversum,GM0402,46348607.54649999738,45018.29890730000,Regio Noord-Holland Zuid,RES016
0400,Den Helder,GM0400,178799882.95500001311,60563.48919950000,Regio Noord-Holland Noord,RES018
0141,Almelo,GM0141,69406297.04670000076,44126.16733600000,Regio Twente,RES025
0715,Terneuzen,GM0715,317755749.84100002050,100075.98821900001,Regio Zeeland,RES029
0216,Culemborg,GM0216,31143693.71629999951,29338.88443420000,Regio Rivierenland (Fruitdelta),RES022
1714,Sluis,GM1714,307164052.76800000668,98511.38372509999,Regio Zeeland,RES029
1680,Aa en Hunze,GM1680,278874903.47699999809,92666.91956390000,Regio Drenthe,RES006
0377,Bloemendaal,GM0377,45227553.06360000372,45671.85734700000,Regio Noord-Holland Zuid,RES016
0848,Son en Breugel,GM0848,26506821.57620000094,28176.76083570000,Metropoolregio Eindhoven,RES017
0398,Heerhugowaard,GM0398,39991607.78180000186,34921.72125220000,Regio Noord-Holland Noord,RES018
0809,Loon op Zand,GM0809,50711553.87619999796,33680.24056700000,Regio Hart van Brabant,RES011
0299,Zevenaar,GM0299,106104359.42599999905,86263.22716850000,Regio Arnhem-Nijmegen,RES003
0502,Capelle aan den IJssel,GM0502,15399973.48540000059,24960.12026870000,Regio Rotterdam-Den Haag,RES023
0736,De Ronde Venen,GM0736,116979238.07899999619,56851.88622140000,Regio U16/U10,RES026
1940,De Fryske Marren,GM1940,549103150.89600002766,143332.38579199999,Regio Friesland,RES009
0772,Eindhoven,GM0772,88915366.82140000165,50128.12447340000,Metropoolregio Eindhoven,RES017
0356,Nieuwegein,GM0356,25646426.54450000077,24013.05706990000,Regio U16/U10,RES026
0861,Veldhoven,GM0861,31885479.43719999865,29496.46597750000,Metropoolregio Eindhoven,RES017
0613,Albrandswaard,GM0613,23755796.75090000033,21739.71392390000,Regio Rotterdam-Den Haag,RES023
0355,Zeist,GM0355,48650812.05830000341,44541.18649650000,Regio U16/U10,RES026
0147,Borne,GM0147,26164536.55999999866,25580.81246670000,Regio Twente,RES025
0376,Blaricum,GM0376,15562768.92720000073,25177.22898650000,Regio Noord-Holland Zuid,RES016
0388,Enkhuizen,GM0388,116246507.12299999595,50990.95784380000,Regio Noord-Holland Noord,RES018
0505,Dordrecht,GM0505,99467484.17200000584,52356.86832150000,Regio Drechtsteden,RES005
1916,Leidschendam-Voorburg,GM1916,35618150.69020000100,36824.53220400000,Regio Rotterdam-Den Haag,RES023
0080,Leeuwarden,GM0080,255619632.13299998641,127294.90310700001,Regio Friesland,RES009
0852,Waterland,GM0852,115661251.53900000453,54807.46591450000,Regio Noord-Holland Zuid,RES016
0531,Hendrik-Ido-Ambacht,GM0531,11900762.58579999954,18682.43055340000,Regio Drechtsteden,RES005
0855,Tilburg,GM0855,118128615.62700000405,63100.78944630000,Regio Hart van Brabant,RES011
1658,Heeze-Leende,GM1658,105044830.44400000572,51001.18972180000,Metropoolregio Eindhoven,RES017
0610,Sliedrecht,GM0610,14014161.83929999918,16189.38116680000,Regio Drechtsteden,RES005
0765,Pekela,GM0765,50204905.52459999919,35590.71135210000,Regio Groningen,RES012
0303,Dronten,GM0303,423894659.12800002098,103504.03296500001,Regio Flevoland,RES007
1705,Lingewaard,GM1705,69142789.54129999876,45530.32932520000,Regio Arnhem-Nijmegen,RES003
0988,Weert,GM0988,105535697.46299999952,50234.98869070000,Regio Noord- en Midden Limburg,RES019
0375,Beverwijk,GM0375,20086770.59939999878,28096.94327210000,Regio Noord-Holland Zuid,RES016
1773,Olst-Wijhe,GM1773,118369441.48299999535,65701.64084959999,Regio West-Overijssel,RES028
0794,Helmond,GM0794,54752516.16019999981,42796.51651580000,Metropoolregio Eindhoven,RES017
1708,Steenwijkerland,GM1708,321590562.43300002813,100399.62044499999,Regio West-Overijssel,RES028
1774,Dinkelland,GM1774,176826820.65299999714,88553.33566519999,Regio Twente,RES025
0755,Boekel,GM0755,34516110.52709999681,25411.77070880000,Regio Noord-oost Brabant,RES020
0294,Winterswijk,GM0294,138817748.70300000906,53000.77658910000,Regio Achterhoek,RES001
0109,Coevorden,GM0109,299690095.98799997568,88672.44388209999,Regio Drenthe,RES006
0267,Nijkerk,GM0267,72040269.36169999838,56241.46384560000,Regio FoodValley,RES008
0534,Hillegom,GM0534,13465591.19669999927,15673.70833760000,Regio Holland Rijnland,RES013
0310,De Bilt,GM0310,67130787.21430000663,43237.14766890000,Regio U16/U10,RES026
0642,Zwijndrecht,GM0642,22774742.84490000084,21357.28153130000,Regio Drechtsteden,RES005
0785,Goirle,GM0785,43378680.24589999765,42378.74624330000,Regio Hart van Brabant,RES011
0994,Valkenburg aan de Geul,GM0994,36924172.88390000165,34769.07551980000,Regio Zuid-Limburg,RES030
0050,Zeewolde,GM0050,268858791.61100000143,79745.85211440000,Regio Flevoland,RES007
0200,Apeldoorn,GM0200,341146792.82300001383,94180.30132290001,Regio Stedendriehoek/cleantechregio,RES024
0757,Boxtel,GM0757,64846132.85790000111,43641.20424400000,Regio Noord-oost Brabant,RES020
0317,Eemnes,GM0317,33702939.13359999657,28915.58559480000,Regio Amersfoort,RES004
0928,Kerkrade,GM0928,22152895.65139999986,27285.62765870000,Regio Zuid-Limburg,RES030
0285,Voorst,GM0285,126468690.84700000286,69127.72876450000,Regio Stedendriehoek/cleantechregio,RES024
1771,Geldrop-Mierlo,GM1771,31387314.51040000096,29132.59570810000,Metropoolregio Eindhoven,RES017
0353,IJsselstein,GM0353,21680241.49359999970,25554.85590210000,Regio U16/U10,RES026
0047,Veendam,GM0047,78678839.24220000207,39605.31869720000,Regio Groningen,RES012
0281,Tiel,GM0281,35512546.27809999883,32225.37223960000,Regio Rivierenland (Fruitdelta),RES022
0432,Opmeer,GM0432,41943395.57100000232,32523.15098580000,Regio Noord-Holland Noord,RES018
1892,Zuidplas,GM1892,64050037.39450000226,56673.39905260000,Regio Midden-Holland,RES015
0995,Lelystad,GM0995,765452439.53100001812,119061.10480700000,Regio Flevoland,RES007
0748,Bergen op Zoom,GM0748,93127917.44640000165,48706.80195560000,Regio West Brabant,RES027
0405,Hoorn,GM0405,53455152.99379999936,35464.55490910000,Regio Noord-Holland Noord,RES018
0532,Stede Broec,GM0532,16370718.73479999974,18758.17415220000,Regio Noord-Holland Noord,RES018
0847,Someren,GM0847,81500588.37430000305,41763.72980940000,Metropoolregio Eindhoven,RES017
1652,Gemert-Bakel,GM1652,123338786.60300000012,47103.00673920000,Metropoolregio Eindhoven,RES017
1711,Echt-Susteren,GM1711,104619184.34499999881,65588.53233010000,Regio Noord- en Midden Limburg,RES019
1954,Beekdaelen,GM1954,78489602.38339999318,62265.09333300000,Regio Zuid-Limburg,RES030
1959,Altena,GM1959,226642947.60899999738,87568.12715180000,Regio West Brabant,RES027
1960,West Betuwe,GM1960,229121400.71999999881,89050.34840750000,Regio Rivierenland (Fruitdelta),RES022
1961,Vijfheerenlanden,GM1961,153312817.15099999309,62865.98243270000,Regio U16/U10,RES026
1963,Hoeksche Waard,GM1963,323685382.67900002003,75567.44662880000,Regio Hoecksewaard,RES014
0394,Haarlemmermeer,GM0394,206313021.80399999022,72707.54233850000,Regio Noord-Holland Zuid,RES016
1969,Westerkwartier,GM1969,368763791.71100002527,98357.81337790001,Regio Groningen,RES012
0184,Urk,GM0184,111859728.93999999762,58859.45104320000,Regio Flevoland,RES007
